timestamp,blocknumber,chain,contract,answer,roundId,updatedAt,latest
1650253721,10005000,arbitrum,0x639Fe6ab55C921f74e7fac1ee960C0B6293ba612,299912150000,18446744073709675012,1650253624,299912150000
1650266775,10015000,arbitrum,0x639Fe6ab55C921f74e7fac1ee960C0B6293ba612,291337000000,18446744073709675098,1650266559,291337000000
1650252100,10004000,arbitrum,0x639Fe6ab55C921f74e7fac1ee960C0B6293ba612,299144450574,18446744073709675008,1650252100,299144450574
1650258425,10009000,arbitrum,0x639Fe6ab55C921f74e7fac1ee960C0B6293ba612,291125591255,18446744073709675055,1650258336,291125591255
1650271133,10018000,arbitrum,0x639Fe6ab55C921f74e7fac1ee960C0B6293ba612,290237433029,18446744073709675127,1650270965,290237433029
1650245603,10000000,arbitrum,0x639Fe6ab55C921f74e7fac1ee960C0B6293ba612,298976554754,18446744073709674990,1650245561,298976554754
1650259892,10010000,arbitrum,0x639Fe6ab55C921f74e7fac1ee960C0B6293ba612,292385574841,18446744073709675064,1650259820,292385574841
1650268047,10016000,arbitrum,0x639Fe6ab55C921f74e7fac1ee960C0B6293ba612,290543182417,18446744073709675104,1650268019,290543182417
1650277313,10022000,arbitrum,0x639Fe6ab55C921f74e7fac1ee960C0B6293ba612,291237119099,18446744073709675155,1650277064,291237119099
1650275743,10021000,arbitrum,0x639Fe6ab55C921f74e7fac1ee960C0B6293ba612,290523100000,18446744073709675148,1650275690,290523100000
1650265345,10014000,arbitrum,0x639Fe6ab55C921f74e7fac1ee960C0B6293ba612,291770000000,18446744073709675090,1650265345,291770000000
1650257141,10008000,arbitrum,0x639Fe6ab55C921f74e7fac1ee960C0B6293ba612,291641014094,18446744073709675049,1650256889,291641014094
1650250357,10003000,arbitrum,0x639Fe6ab55C921f74e7fac1ee960C0B6293ba612,299614296889,18446744073709675002,1650249502,299614296889
1650255960,10007000,arbitrum,0x639Fe6ab55C921f74e7fac1ee960C0B6293ba612,292312520000,18446744073709675033,1650255854,292312520000
1650269557,10017000,arbitrum,0x639Fe6ab55C921f74e7fac1ee960C0B6293ba612,289779000000,18446744073709675117,1650269348,289779000000
1650247241,10001000,arbitrum,0x639Fe6ab55C921f74e7fac1ee960C0B6293ba612,299015000000,18446744073709674997,1650247180,299015000000
1650255268,10006000,arbitrum,0x639Fe6ab55C921f74e7fac1ee960C0B6293ba612,297804266210,18446744073709675020,1650255268,297804266210
1650262885,10012000,arbitrum,0x639Fe6ab55C921f74e7fac1ee960C0B6293ba612,291580000000,18446744073709675079,1650262426,291580000000
1650248955,10002000,arbitrum,0x639Fe6ab55C921f74e7fac1ee960C0B6293ba612,299006000000,18446744073709674999,1650248808,299006000000
1650289465,10031000,arbitrum,0x639Fe6ab55C921f74e7fac1ee960C0B6293ba612,293421830945,18446744073709675223,1650289263,293421830945
1650261255,10011000,arbitrum,0x639Fe6ab55C921f74e7fac1ee960C0B6293ba612,291714000000,18446744073709675071,1650261198,291714000000
1650290790,10032000,arbitrum,0x639Fe6ab55C921f74e7fac1ee960C0B6293ba612,293448000000,18446744073709675236,1650290686,293448000000
1650295752,10036000,arbitrum,0x639Fe6ab55C921f74e7fac1ee960C0B6293ba612,291573883580,18446744073709675276,1650295674,291573883580
1650282318,10025000,arbitrum,0x639Fe6ab55C921f74e7fac1ee960C0B6293ba612,291624000000,18446744073709675174,1650282318,291624000000
1650304602,10043000,arbitrum,0x639Fe6ab55C921f74e7fac1ee960C0B6293ba612,297430000000,18446744073709675349,1650304508,297430000000
1650294360,10035000,arbitrum,0x639Fe6ab55C921f74e7fac1ee960C0B6293ba612,292824000000,18446744073709675267,1650294267,292824000000
1650279035,10023000,arbitrum,0x639Fe6ab55C921f74e7fac1ee960C0B6293ba612,291512000000,18446744073709675162,1650278315,291512000000
1650288580,10030000,arbitrum,0x639Fe6ab55C921f74e7fac1ee960C0B6293ba612,293461000000,18446744073709675211,1650288367,293461000000
1650283931,10026000,arbitrum,0x639Fe6ab55C921f74e7fac1ee960C0B6293ba612,291820000000,18446744073709675181,1650283578,291820000000
1650305732,10044000,arbitrum,0x639Fe6ab55C921f74e7fac1ee960C0B6293ba612,298931000000,18446744073709675359,1650305732,298931000000
1650274250,10020000,arbitrum,0x639Fe6ab55C921f74e7fac1ee960C0B6293ba612,290159000000,18446744073709675143,1650274250,290159000000
1650285120,10027000,arbitrum,0x639Fe6ab55C921f74e7fac1ee960C0B6293ba612,293480000000,18446744073709675188,1650284770,293480000000
1650293047,10034000,arbitrum,0x639Fe6ab55C921f74e7fac1ee960C0B6293ba612,292872000000,18446744073709675261,1650292950,292872000000
1650299734,10039000,arbitrum,0x639Fe6ab55C921f74e7fac1ee960C0B6293ba612,291863000000,18446744073709675304,1650299734,291863000000
1650286286,10028000,arbitrum,0x639Fe6ab55C921f74e7fac1ee960C0B6293ba612,294255000000,18446744073709675195,1650286133,294255000000
1650309787,10047000,arbitrum,0x639Fe6ab55C921f74e7fac1ee960C0B6293ba612,300760000000,18446744073709675394,1650309663,300760000000
1650298342,10038000,arbitrum,0x639Fe6ab55C921f74e7fac1ee960C0B6293ba612,290387596335,18446744073709675293,1650298342,290387596335
1650264055,10013000,arbitrum,0x639Fe6ab55C921f74e7fac1ee960C0B6293ba612,292133000000,18446744073709675084,1650264055,292133000000
1650292030,10033000,arbitrum,0x639Fe6ab55C921f74e7fac1ee960C0B6293ba612,293946974277,18446744073709675251,1650292030,293946974277
1650280635,10024000,arbitrum,0x639Fe6ab55C921f74e7fac1ee960C0B6293ba612,292135496874,18446744073709675169,1650280575,292135496874
1650300893,10040000,arbitrum,0x639Fe6ab55C921f74e7fac1ee960C0B6293ba612,293166000000,18446744073709675313,1650300854,293166000000
1650272660,10019000,arbitrum,0x639Fe6ab55C921f74e7fac1ee960C0B6293ba612,289626000000,18446744073709675137,1650272660,289626000000
1650306823,10045000,arbitrum,0x639Fe6ab55C921f74e7fac1ee960C0B6293ba612,301524646346,18446744073709675370,1650306505,301524646346
1650308077,10046000,arbitrum,0x639Fe6ab55C921f74e7fac1ee960C0B6293ba612,301537000000,18446744073709675382,1650308077,301537000000
1650287324,10029000,arbitrum,0x639Fe6ab55C921f74e7fac1ee960C0B6293ba612,294053000000,18446744073709675204,1650287293,294053000000
1650303239,10042000,arbitrum,0x639Fe6ab55C921f74e7fac1ee960C0B6293ba612,296084000000,18446744073709675338,1650303193,296084000000
1650297137,10037000,arbitrum,0x639Fe6ab55C921f74e7fac1ee960C0B6293ba612,291212500000,18446744073709675285,1650297059,291212500000
1650302108,10041000,arbitrum,0x639Fe6ab55C921f74e7fac1ee960C0B6293ba612,295952000000,18446744073709675326,1650302108,295952000000
1650316800,10051000,arbitrum,0x639Fe6ab55C921f74e7fac1ee960C0B6293ba612,302576000000,18446744073709675443,1650316751,302576000000
1650314931,10050000,arbitrum,0x639Fe6ab55C921f74e7fac1ee960C0B6293ba612,301085663833,18446744073709675429,1650314552,301085663833
1650332355,10063000,arbitrum,0x639Fe6ab55C921f74e7fac1ee960C0B6293ba612,306192000000,18446744073709675551,1650332255,306192000000
1650331018,10061000,arbitrum,0x639Fe6ab55C921f74e7fac1ee960C0B6293ba612,306543000000,18446744073709675547,1650330749,306543000000
1650330388,10060000,arbitrum,0x639Fe6ab55C921f74e7fac1ee960C0B6293ba612,306134217661,18446744073709675545,1650330368,306134217661
1650311700,10048000,arbitrum,0x639Fe6ab55C921f74e7fac1ee960C0B6293ba612,299480000000,18446744073709675405,1650311665,299480000000
1650324820,10056000,arbitrum,0x639Fe6ab55C921f74e7fac1ee960C0B6293ba612,305830295428,18446744073709675497,1650324735,305830295428
1650321662,10054000,arbitrum,0x639Fe6ab55C921f74e7fac1ee960C0B6293ba612,303872000000,18446744073709675471,1650321165,303872000000
1650319886,10053000,arbitrum,0x639Fe6ab55C921f74e7fac1ee960C0B6293ba612,304331650000,18446744073709675463,1650319805,304331650000
1650318050,10052000,arbitrum,0x639Fe6ab55C921f74e7fac1ee960C0B6293ba612,304822654792,18446744073709675452,1650317933,304822654792
1650329361,10059000,arbitrum,0x639Fe6ab55C921f74e7fac1ee960C0B6293ba612,306583000000,18446744073709675539,1650329292,306583000000
1650323124,10055000,arbitrum,0x639Fe6ab55C921f74e7fac1ee960C0B6293ba612,306493000000,18446744073709675484,1650323124,306493000000
1650326531,10057000,arbitrum,0x639Fe6ab55C921f74e7fac1ee960C0B6293ba612,305698000000,18446744073709675505,1650326333,305698000000
1650327986,10058000,arbitrum,0x639Fe6ab55C921f74e7fac1ee960C0B6293ba612,307141000000,18446744073709675524,1650327871,307141000000
1650313217,10049000,arbitrum,0x639Fe6ab55C921f74e7fac1ee960C0B6293ba612,301255000000,18446744073709675420,1650313028,301255000000
1650331654,10062000,arbitrum,0x639Fe6ab55C921f74e7fac1ee960C0B6293ba612,306383432465,18446744073709675550,1650331539,306383432465
1650347667,10078000,arbitrum,0x639Fe6ab55C921f74e7fac1ee960C0B6293ba612,303957000000,18446744073709675610,1650347489,303957000000
1650334404,10066000,arbitrum,0x639Fe6ab55C921f74e7fac1ee960C0B6293ba612,305027974596,18446744073709675562,1650334180,305027974596
1650346428,10077000,arbitrum,0x639Fe6ab55C921f74e7fac1ee960C0B6293ba612,304163000000,18446744073709675609,1650346119,304163000000
1650340275,10072000,arbitrum,0x639Fe6ab55C921f74e7fac1ee960C0B6293ba612,303993000000,18446744073709675586,1650340240,303993000000
1650342656,10074000,arbitrum,0x639Fe6ab55C921f74e7fac1ee960C0B6293ba612,304590909045,18446744073709675596,1650341848,304590909045
1650349010,10079000,arbitrum,0x639Fe6ab55C921f74e7fac1ee960C0B6293ba612,304210805367,18446744073709675613,1650348583,304210805367
1650336127,10068000,arbitrum,0x639Fe6ab55C921f74e7fac1ee960C0B6293ba612,304896000000,18446744073709675568,1650335724,304896000000
1650345077,10076000,arbitrum,0x639Fe6ab55C921f74e7fac1ee960C0B6293ba612,304072000000,18446744073709675606,1650344926,304072000000
1650338086,10070000,arbitrum,0x639Fe6ab55C921f74e7fac1ee960C0B6293ba612,304553853283,18446744073709675578,1650337924,304553853283
1650333740,10065000,arbitrum,0x639Fe6ab55C921f74e7fac1ee960C0B6293ba612,305499000000,18446744073709675560,1650333595,305499000000
1650341591,10073000,arbitrum,0x639Fe6ab55C921f74e7fac1ee960C0B6293ba612,304002198651,18446744073709675591,1650341387,304002198651
1650333062,10064000,arbitrum,0x639Fe6ab55C921f74e7fac1ee960C0B6293ba612,306089210638,18446744073709675555,1650332815,306089210638
1650343782,10075000,arbitrum,0x639Fe6ab55C921f74e7fac1ee960C0B6293ba612,304262000000,18446744073709675598,1650343671,304262000000
1650337219,10069000,arbitrum,0x639Fe6ab55C921f74e7fac1ee960C0B6293ba612,304116000000,18446744073709675575,1650337171,304116000000
1650335319,10067000,arbitrum,0x639Fe6ab55C921f74e7fac1ee960C0B6293ba612,305161000000,18446744073709675565,1650335201,305161000000
1650339039,10071000,arbitrum,0x639Fe6ab55C921f74e7fac1ee960C0B6293ba612,304297040889,18446744073709675581,1650338895,304297040889
1650362969,10090000,arbitrum,0x639Fe6ab55C921f74e7fac1ee960C0B6293ba612,304100000000,18446744073709675674,1650362969,304100000000
1650350199,10080000,arbitrum,0x639Fe6ab55C921f74e7fac1ee960C0B6293ba612,304684000000,18446744073709675615,1650349551,304684000000
1650361172,10089000,arbitrum,0x639Fe6ab55C921f74e7fac1ee960C0B6293ba612,303969397544,18446744073709675666,1650360874,303969397544
1650358302,10087000,arbitrum,0x639Fe6ab55C921f74e7fac1ee960C0B6293ba612,304167000000,18446744073709675657,1650358214,304167000000
1650367525,10093000,arbitrum,0x639Fe6ab55C921f74e7fac1ee960C0B6293ba612,305690000000,18446744073709675695,1650367336,305690000000
1650357131,10086000,arbitrum,0x639Fe6ab55C921f74e7fac1ee960C0B6293ba612,304786000000,18446744073709675654,1650357074,304786000000
1650370155,10095000,arbitrum,0x639Fe6ab55C921f74e7fac1ee960C0B6293ba612,304816000000,18446744073709675711,1650369896,304816000000
1650366102,10092000,arbitrum,0x639Fe6ab55C921f74e7fac1ee960C0B6293ba612,305521496717,18446744073709675688,1650365989,305521496717
1650353520,10083000,arbitrum,0x639Fe6ab55C921f74e7fac1ee960C0B6293ba612,304396000000,18446744073709675636,1650353369,304396000000
1650359660,10088000,arbitrum,0x639Fe6ab55C921f74e7fac1ee960C0B6293ba612,304209071191,18446744073709675662,1650359612,304209071191
1650354721,10084000,arbitrum,0x639Fe6ab55C921f74e7fac1ee960C0B6293ba612,303763000000,18446744073709675644,1650354699,303763000000
1650369047,10094000,arbitrum,0x639Fe6ab55C921f74e7fac1ee960C0B6293ba612,304938146254,18446744073709675699,1650368407,304938146254
1650364521,10091000,arbitrum,0x639Fe6ab55C921f74e7fac1ee960C0B6293ba612,305022995450,18446744073709675682,1650364511,305022995450
1650355924,10085000,arbitrum,0x639Fe6ab55C921f74e7fac1ee960C0B6293ba612,304566000000,18446744073709675649,1650355847,304566000000
1650352441,10082000,arbitrum,0x639Fe6ab55C921f74e7fac1ee960C0B6293ba612,304891000000,18446744073709675625,1650352197,304891000000
1650351393,10081000,arbitrum,0x639Fe6ab55C921f74e7fac1ee960C0B6293ba612,304736697549,18446744073709675621,1650351345,304736697549
1650382531,10106000,arbitrum,0x639Fe6ab55C921f74e7fac1ee960C0B6293ba612,311509566455,18446744073709675802,1650382495,311509566455
1650374004,10098000,arbitrum,0x639Fe6ab55C921f74e7fac1ee960C0B6293ba612,305482000000,18446744073709675735,1650373667,305482000000
1650387839,10111000,arbitrum,0x639Fe6ab55C921f74e7fac1ee960C0B6293ba612,310382000000,18446744073709675828,1650387604,310382000000
1650375256,10099000,arbitrum,0x639Fe6ab55C921f74e7fac1ee960C0B6293ba612,306215497309,18446744073709675744,1650375256,306215497309
1650380508,10104000,arbitrum,0x639Fe6ab55C921f74e7fac1ee960C0B6293ba612,311478142846,18446744073709675787,1650380383,311478142846
1650379374,10103000,arbitrum,0x639Fe6ab55C921f74e7fac1ee960C0B6293ba612,311278474046,18446744073709675783,1650379334,311278474046
1650372811,10097000,arbitrum,0x639Fe6ab55C921f74e7fac1ee960C0B6293ba612,306267600000,18446744073709675728,1650372630,306267600000
1650376306,10100000,arbitrum,0x639Fe6ab55C921f74e7fac1ee960C0B6293ba612,308362000000,18446744073709675754,1650376306,308362000000
1650371458,10096000,arbitrum,0x639Fe6ab55C921f74e7fac1ee960C0B6293ba612,306054000000,18446744073709675719,1650371458,306054000000
1650378214,10102000,arbitrum,0x639Fe6ab55C921f74e7fac1ee960C0B6293ba612,311415789257,18446744073709675775,1650378150,311415789257
1650377101,10101000,arbitrum,0x639Fe6ab55C921f74e7fac1ee960C0B6293ba612,311500057369,18446744073709675763,1650377101,311500057369
1650381550,10105000,arbitrum,0x639Fe6ab55C921f74e7fac1ee960C0B6293ba612,312435000000,18446744073709675795,1650381465,312435000000
1650384725,10108000,arbitrum,0x639Fe6ab55C921f74e7fac1ee960C0B6293ba612,311832000000,18446744073709675809,1650384494,311832000000
1650385768,10109000,arbitrum,0x639Fe6ab55C921f74e7fac1ee960C0B6293ba612,311932000000,18446744073709675814,1650385724,311932000000
1650383718,10107000,arbitrum,0x639Fe6ab55C921f74e7fac1ee960C0B6293ba612,311433112757,18446744073709675804,1650383053,311433112757
1650386772,10110000,arbitrum,0x639Fe6ab55C921f74e7fac1ee960C0B6293ba612,310047000000,18446744073709675823,1650386678,310047000000
1650400767,10120000,arbitrum,0x639Fe6ab55C921f74e7fac1ee960C0B6293ba612,308773000000,18446744073709675909,1650400767,308773000000
1650411788,10127000,arbitrum,0x639Fe6ab55C921f74e7fac1ee960C0B6293ba612,310527000000,18446744073709675957,1650411788,310527000000
1650388991,10112000,arbitrum,0x639Fe6ab55C921f74e7fac1ee960C0B6293ba612,309594000000,18446744073709675834,1650388957,309594000000
1650399448,10119000,arbitrum,0x639Fe6ab55C921f74e7fac1ee960C0B6293ba612,309206000000,18446744073709675906,1650399222,309206000000
1650393349,10115000,arbitrum,0x639Fe6ab55C921f74e7fac1ee960C0B6293ba612,309595458581,18446744073709675861,1650393240,309595458581
1650408267,10125000,arbitrum,0x639Fe6ab55C921f74e7fac1ee960C0B6293ba612,310699242423,18446744073709675943,1650408111,310699242423
1650394957,10116000,arbitrum,0x639Fe6ab55C921f74e7fac1ee960C0B6293ba612,310262960000,18446744073709675869,1650394921,310262960000
1650396545,10117000,arbitrum,0x639Fe6ab55C921f74e7fac1ee960C0B6293ba612,311286494364,18446744073709675885,1650396457,311286494364
1650402285,10121000,arbitrum,0x639Fe6ab55C921f74e7fac1ee960C0B6293ba612,309710000000,18446744073709675916,1650402064,309710000000
1650409971,10126000,arbitrum,0x639Fe6ab55C921f74e7fac1ee960C0B6293ba612,309913000000,18446744073709675949,1650409166,309913000000
1650403819,10122000,arbitrum,0x639Fe6ab55C921f74e7fac1ee960C0B6293ba612,309665010000,18446744073709675918,1650403251,309665010000
1650390235,10113000,arbitrum,0x639Fe6ab55C921f74e7fac1ee960C0B6293ba612,308696238544,18446744073709675843,1650390235,308696238544
1650398001,10118000,arbitrum,0x639Fe6ab55C921f74e7fac1ee960C0B6293ba612,311339739069,18446744073709675894,1650398001,311339739069
1650406779,10124000,arbitrum,0x639Fe6ab55C921f74e7fac1ee960C0B6293ba612,310026000000,18446744073709675937,1650406618,310026000000
1650405348,10123000,arbitrum,0x639Fe6ab55C921f74e7fac1ee960C0B6293ba612,309971000000,18446744073709675931,1650405195,309971000000
1650391613,10114000,arbitrum,0x639Fe6ab55C921f74e7fac1ee960C0B6293ba612,309287890673,18446744073709675851,1650391188,309287890673
1650424673,10140000,arbitrum,0x639Fe6ab55C921f74e7fac1ee960C0B6293ba612,308702595491,18446744073709676028,1650424673,308702595491
1650425109,10141000,arbitrum,0x639Fe6ab55C921f74e7fac1ee960C0B6293ba612,308548000000,18446744073709676029,1650425012,308548000000
1650416202,10130000,arbitrum,0x639Fe6ab55C921f74e7fac1ee960C0B6293ba612,308013000000,18446744073709675991,1650416202,308013000000
1650424016,10138000,arbitrum,0x639Fe6ab55C921f74e7fac1ee960C0B6293ba612,308703000000,18446744073709676026,1650423699,308703000000
1650423322,10136000,arbitrum,0x639Fe6ab55C921f74e7fac1ee960C0B6293ba612,308735000000,18446744073709676023,1650423283,308735000000
1650425928,10143000,arbitrum,0x639Fe6ab55C921f74e7fac1ee960C0B6293ba612,308046181517,18446744073709676033,1650425928,308046181517
1650423075,10135000,arbitrum,0x639Fe6ab55C921f74e7fac1ee960C0B6293ba612,308497000000,18446744073709676022,1650422268,308497000000
1650422530,10134000,arbitrum,0x639Fe6ab55C921f74e7fac1ee960C0B6293ba612,308497000000,18446744073709676022,1650422268,308497000000
1650417535,10131000,arbitrum,0x639Fe6ab55C921f74e7fac1ee960C0B6293ba612,307478000000,18446744073709676002,1650417535,307478000000
1650419174,10132000,arbitrum,0x639Fe6ab55C921f74e7fac1ee960C0B6293ba612,308567000000,18446744073709676007,1650418793,308567000000
1650420597,10133000,arbitrum,0x639Fe6ab55C921f74e7fac1ee960C0B6293ba612,308704333946,18446744073709676015,1650420522,308704333946
1650425518,10142000,arbitrum,0x639Fe6ab55C921f74e7fac1ee960C0B6293ba612,308359000000,18446744073709676030,1650425355,308359000000
1650413540,10128000,arbitrum,0x639Fe6ab55C921f74e7fac1ee960C0B6293ba612,310175000000,18446744073709675967,1650413455,310175000000
1650414656,10129000,arbitrum,0x639Fe6ab55C921f74e7fac1ee960C0B6293ba612,307582000000,18446744073709675980,1650414656,307582000000
1650423685,10137000,arbitrum,0x639Fe6ab55C921f74e7fac1ee960C0B6293ba612,308767744287,18446744073709676024,1650423582,308767744287
1650424267,10139000,arbitrum,0x639Fe6ab55C921f74e7fac1ee960C0B6293ba612,308862030000,18446744073709676027,1650424151,308862030000
1650429468,10151000,arbitrum,0x639Fe6ab55C921f74e7fac1ee960C0B6293ba612,308179000000,18446744073709676047,1650429264,308179000000
1650428469,10149000,arbitrum,0x639Fe6ab55C921f74e7fac1ee960C0B6293ba612,308811000000,18446744073709676044,1650428441,308811000000
1650432156,10155000,arbitrum,0x639Fe6ab55C921f74e7fac1ee960C0B6293ba612,308551159501,18446744073709676057,1650432061,308551159501
1650431409,10154000,arbitrum,0x639Fe6ab55C921f74e7fac1ee960C0B6293ba612,308716000000,18446744073709676054,1650431248,308716000000
1650427642,10147000,arbitrum,0x639Fe6ab55C921f74e7fac1ee960C0B6293ba612,309217000000,18446744073709676040,1650427535,309217000000
1650426742,10145000,arbitrum,0x639Fe6ab55C921f74e7fac1ee960C0B6293ba612,308826437570,18446744073709676036,1650426465,308826437570
1650426313,10144000,arbitrum,0x639Fe6ab55C921f74e7fac1ee960C0B6293ba612,308213000000,18446744073709676034,1650425997,308213000000
1650428043,10148000,arbitrum,0x639Fe6ab55C921f74e7fac1ee960C0B6293ba612,309015000000,18446744073709676041,1650427935,309015000000
1650433751,10157000,arbitrum,0x639Fe6ab55C921f74e7fac1ee960C0B6293ba612,309365000000,18446744073709676063,1650433445,309365000000
1650430731,10153000,arbitrum,0x639Fe6ab55C921f74e7fac1ee960C0B6293ba612,308548000000,18446744073709676053,1650430687,308548000000
1650428888,10150000,arbitrum,0x639Fe6ab55C921f74e7fac1ee960C0B6293ba612,308633000000,18446744073709676045,1650428773,308633000000
1650430070,10152000,arbitrum,0x639Fe6ab55C921f74e7fac1ee960C0B6293ba612,308714493956,18446744073709676050,1650430026,308714493956
1650435366,10159000,arbitrum,0x639Fe6ab55C921f74e7fac1ee960C0B6293ba612,310308000000,18446744073709676072,1650435127,310308000000
1650427187,10146000,arbitrum,0x639Fe6ab55C921f74e7fac1ee960C0B6293ba612,309215244242,18446744073709676038,1650427138,309215244242
1650432974,10156000,arbitrum,0x639Fe6ab55C921f74e7fac1ee960C0B6293ba612,308954000000,18446744073709676061,1650432484,308954000000
1650434544,10158000,arbitrum,0x639Fe6ab55C921f74e7fac1ee960C0B6293ba612,309759866785,18446744073709676067,1650434462,309759866785
1650443515,10168000,arbitrum,0x639Fe6ab55C921f74e7fac1ee960C0B6293ba612,309960000000,18446744073709676105,1650443298,309960000000
1650448702,10173000,arbitrum,0x639Fe6ab55C921f74e7fac1ee960C0B6293ba612,310667900000,18446744073709676128,1650448377,310667900000
1650441469,10166000,arbitrum,0x639Fe6ab55C921f74e7fac1ee960C0B6293ba612,309236316390,18446744073709676099,1650441383,309236316390
1650449869,10174000,arbitrum,0x639Fe6ab55C921f74e7fac1ee960C0B6293ba612,310187000000,18446744073709676134,1650449468,310187000000
1650438197,10162000,arbitrum,0x639Fe6ab55C921f74e7fac1ee960C0B6293ba612,309848000000,18446744073709676078,1650438154,309848000000
1650438875,10163000,arbitrum,0x639Fe6ab55C921f74e7fac1ee960C0B6293ba612,310502356238,18446744073709676084,1650438854,310502356238
1650437271,10161000,arbitrum,0x639Fe6ab55C921f74e7fac1ee960C0B6293ba612,309942527892,18446744073709676076,1650437271,309942527892
1650450952,10175000,arbitrum,0x639Fe6ab55C921f74e7fac1ee960C0B6293ba612,311680000000,18446744073709676141,1650450918,311680000000
1650436249,10160000,arbitrum,0x639Fe6ab55C921f74e7fac1ee960C0B6293ba612,309917000000,18446744073709676074,1650435474,309917000000
1650447672,10172000,arbitrum,0x639Fe6ab55C921f74e7fac1ee960C0B6293ba612,311002222670,18446744073709676122,1650447419,311002222670
1650445542,10170000,arbitrum,0x639Fe6ab55C921f74e7fac1ee960C0B6293ba612,310048476040,18446744073709676114,1650445468,310048476040
1650440575,10165000,arbitrum,0x639Fe6ab55C921f74e7fac1ee960C0B6293ba612,309382379832,18446744073709676094,1650440438,309382379832
1650444498,10169000,arbitrum,0x639Fe6ab55C921f74e7fac1ee960C0B6293ba612,309904000000,18446744073709676109,1650444429,309904000000
1650442387,10167000,arbitrum,0x639Fe6ab55C921f74e7fac1ee960C0B6293ba612,309350520000,18446744073709676102,1650442046,309350520000
1650446640,10171000,arbitrum,0x639Fe6ab55C921f74e7fac1ee960C0B6293ba612,311001000000,18446744073709676120,1650446579,311001000000
1650439675,10164000,arbitrum,0x639Fe6ab55C921f74e7fac1ee960C0B6293ba612,309719850938,18446744073709676088,1650439596,309719850938
1650452993,10177000,arbitrum,0x639Fe6ab55C921f74e7fac1ee960C0B6293ba612,311990123659,18446744073709676154,1650452793,311990123659
1650456154,10181000,arbitrum,0x639Fe6ab55C921f74e7fac1ee960C0B6293ba612,315874000000,18446744073709676177,1650456057,315874000000
1650455353,10180000,arbitrum,0x639Fe6ab55C921f74e7fac1ee960C0B6293ba612,313231000000,18446744073709676166,1650455353,313231000000
1650468698,10196000,arbitrum,0x639Fe6ab55C921f74e7fac1ee960C0B6293ba612,306429000000,18446744073709676274,1650468661,306429000000
1650464369,10191000,arbitrum,0x639Fe6ab55C921f74e7fac1ee960C0B6293ba612,311036000000,18446744073709676236,1650464115,311036000000
1650458931,10184000,arbitrum,0x639Fe6ab55C921f74e7fac1ee960C0B6293ba612,315663000000,18446744073709676196,1650458752,315663000000
1650466983,10194000,arbitrum,0x639Fe6ab55C921f74e7fac1ee960C0B6293ba612,308767262097,18446744073709676257,1650466983,308767262097
1650461489,10187000,arbitrum,0x639Fe6ab55C921f74e7fac1ee960C0B6293ba612,314910000000,18446744073709676207,1650461489,314910000000
1650453900,10178000,arbitrum,0x639Fe6ab55C921f74e7fac1ee960C0B6293ba612,312532720000,18446744073709676157,1650453813,312532720000
1650462768,10189000,arbitrum,0x639Fe6ab55C921f74e7fac1ee960C0B6293ba612,310482730000,18446744073709676225,1650462554,310482730000
1650463376,10190000,arbitrum,0x639Fe6ab55C921f74e7fac1ee960C0B6293ba612,310111000000,18446744073709676228,1650463176,310111000000
1650513885,10232000,arbitrum,0x639Fe6ab55C921f74e7fac1ee960C0B6293ba612,309610000000,18446744073709676517,1650513885,309610000000
1650467948,10195000,arbitrum,0x639Fe6ab55C921f74e7fac1ee960C0B6293ba612,307950000000,18446744073709676265,1650467756,307950000000
1650522307,10239000,arbitrum,0x639Fe6ab55C921f74e7fac1ee960C0B6293ba612,307552710409,18446744073709676559,1650522075,307552710409
1650451919,10176000,arbitrum,0x639Fe6ab55C921f74e7fac1ee960C0B6293ba612,312472000000,18446744073709676148,1650451750,312472000000
1650457287,10182000,arbitrum,0x639Fe6ab55C921f74e7fac1ee960C0B6293ba612,314336000000,18446744073709676186,1650456666,314336000000
1650528095,10244000,arbitrum,0x639Fe6ab55C921f74e7fac1ee960C0B6293ba612,310465000000,18446744073709676590,1650528095,310465000000
1650491498,10214000,arbitrum,0x639Fe6ab55C921f74e7fac1ee960C0B6293ba612,308203617871,18446744073709676419,1650491387,308203617871
1650523498,10240000,arbitrum,0x639Fe6ab55C921f74e7fac1ee960C0B6293ba612,308127647169,18446744073709676564,1650523498,308127647169
1650476208,10203000,arbitrum,0x639Fe6ab55C921f74e7fac1ee960C0B6293ba612,307894367201,18446744073709676320,1650476121,307894367201
1650504380,10224000,arbitrum,0x639Fe6ab55C921f74e7fac1ee960C0B6293ba612,309266000000,18446744073709676479,1650504380,309266000000
1650469554,10197000,arbitrum,0x639Fe6ab55C921f74e7fac1ee960C0B6293ba612,306957000000,18446744073709676278,1650469483,306957000000
1650482616,10208000,arbitrum,0x639Fe6ab55C921f74e7fac1ee960C0B6293ba612,306580000000,18446744073709676367,1650482534,306580000000
1650508983,10228000,arbitrum,0x639Fe6ab55C921f74e7fac1ee960C0B6293ba612,309248546332,18446744073709676499,1650508608,309248546332
1650499704,10220000,arbitrum,0x639Fe6ab55C921f74e7fac1ee960C0B6293ba612,308330000000,18446744073709676458,1650499704,308330000000
1650462161,10188000,arbitrum,0x639Fe6ab55C921f74e7fac1ee960C0B6293ba612,312474905943,18446744073709676218,1650462161,312474905943
1650485639,10210000,arbitrum,0x639Fe6ab55C921f74e7fac1ee960C0B6293ba612,306813229518,18446744073709676391,1650485579,306813229518
1650540689,10255000,arbitrum,0x639Fe6ab55C921f74e7fac1ee960C0B6293ba612,314570899198,18446744073709676662,1650540689,314570899198
1650538239,10253000,arbitrum,0x639Fe6ab55C921f74e7fac1ee960C0B6293ba612,313553830000,18446744073709676643,1650538135,313553830000
1650515187,10233000,arbitrum,0x639Fe6ab55C921f74e7fac1ee960C0B6293ba612,309691000000,18446744073709676524,1650514892,309691000000
1650465303,10192000,arbitrum,0x639Fe6ab55C921f74e7fac1ee960C0B6293ba612,310285000000,18446744073709676243,1650465060,310285000000
1650536146,10251000,arbitrum,0x639Fe6ab55C921f74e7fac1ee960C0B6293ba612,310237830324,18446744073709676629,1650536112,310237830324
1650478855,10205000,arbitrum,0x639Fe6ab55C921f74e7fac1ee960C0B6293ba612,306392546537,18446744073709676336,1650478855,306392546537
1650502044,10222000,arbitrum,0x639Fe6ab55C921f74e7fac1ee960C0B6293ba612,308830000000,18446744073709676469,1650501978,308830000000
1650472408,10200000,arbitrum,0x639Fe6ab55C921f74e7fac1ee960C0B6293ba612,307526000000,18446744073709676297,1650472341,307526000000
1650505500,10225000,arbitrum,0x639Fe6ab55C921f74e7fac1ee960C0B6293ba612,310358730000,18446744073709676484,1650505500,310358730000
1650460667,10186000,arbitrum,0x639Fe6ab55C921f74e7fac1ee960C0B6293ba612,314924560000,18446744073709676205,1650460613,314924560000
1650490083,10213000,arbitrum,0x639Fe6ab55C921f74e7fac1ee960C0B6293ba612,308420000000,18446744073709676413,1650489971,308420000000
1650470419,10198000,arbitrum,0x639Fe6ab55C921f74e7fac1ee960C0B6293ba612,306854684898,18446744073709676283,1650470390,306854684898
1650543056,10257000,arbitrum,0x639Fe6ab55C921f74e7fac1ee960C0B6293ba612,315907801783,18446744073709676677,1650542971,315907801783
1650521129,10238000,arbitrum,0x639Fe6ab55C921f74e7fac1ee960C0B6293ba612,307389000000,18446744073709676552,1650520947,307389000000
1650537193,10252000,arbitrum,0x639Fe6ab55C921f74e7fac1ee960C0B6293ba612,311842000000,18446744073709676637,1650537193,311842000000
1650532957,10248000,arbitrum,0x639Fe6ab55C921f74e7fac1ee960C0B6293ba612,309934591334,18446744073709676611,1650531919,309934591334
1650458197,10183000,arbitrum,0x639Fe6ab55C921f74e7fac1ee960C0B6293ba612,315445000000,18446744073709676191,1650458135,315445000000
1650516397,10234000,arbitrum,0x639Fe6ab55C921f74e7fac1ee960C0B6293ba612,308247200636,18446744073709676529,1650515858,308247200636
1650477635,10204000,arbitrum,0x639Fe6ab55C921f74e7fac1ee960C0B6293ba612,308131000000,18446744073709676328,1650477581,308131000000
1650531740,10247000,arbitrum,0x639Fe6ab55C921f74e7fac1ee960C0B6293ba612,310264990000,18446744073709676609,1650531575,310264990000
1650484284,10209000,arbitrum,0x639Fe6ab55C921f74e7fac1ee960C0B6293ba612,307671688093,18446744073709676377,1650484148,307671688093
1650492880,10215000,arbitrum,0x639Fe6ab55C921f74e7fac1ee960C0B6293ba612,308670000000,18446744073709676424,1650492880,308670000000
1650525681,10242000,arbitrum,0x639Fe6ab55C921f74e7fac1ee960C0B6293ba612,308254000000,18446744073709676577,1650525401,308254000000
1650517645,10235000,arbitrum,0x639Fe6ab55C921f74e7fac1ee960C0B6293ba612,308591434250,18446744073709676535,1650517609,308591434250
1650541845,10256000,arbitrum,0x639Fe6ab55C921f74e7fac1ee960C0B6293ba612,315040822362,18446744073709676669,1650541723,315040822362
1650526918,10243000,arbitrum,0x639Fe6ab55C921f74e7fac1ee960C0B6293ba612,308979000000,18446744073709676581,1650526779,308979000000
1650498061,10218000,arbitrum,0x639Fe6ab55C921f74e7fac1ee960C0B6293ba612,307562714453,18446744073709676447,1650497952,307562714453
1650535047,10250000,arbitrum,0x639Fe6ab55C921f74e7fac1ee960C0B6293ba612,309025200000,18446744073709676622,1650534853,309025200000
1650473560,10201000,arbitrum,0x639Fe6ab55C921f74e7fac1ee960C0B6293ba612,308144000000,18446744073709676304,1650473560,308144000000
1650503265,10223000,arbitrum,0x639Fe6ab55C921f74e7fac1ee960C0B6293ba612,308628432727,18446744073709676473,1650503157,308628432727
1650539455,10254000,arbitrum,0x639Fe6ab55C921f74e7fac1ee960C0B6293ba612,313817000000,18446744073709676655,1650539235,313817000000
1650512497,10231000,arbitrum,0x639Fe6ab55C921f74e7fac1ee960C0B6293ba612,309304267204,18446744073709676513,1650512132,309304267204
1650511261,10230000,arbitrum,0x639Fe6ab55C921f74e7fac1ee960C0B6293ba612,309407086580,18446744073709676507,1650511036,309407086580
1650500846,10221000,arbitrum,0x639Fe6ab55C921f74e7fac1ee960C0B6293ba612,307496072492,18446744073709676463,1650500533,307496072492
1650488664,10212000,arbitrum,0x639Fe6ab55C921f74e7fac1ee960C0B6293ba612,308054711753,18446744073709676407,1650488605,308054711753
1650496479,10217000,arbitrum,0x639Fe6ab55C921f74e7fac1ee960C0B6293ba612,307551125681,18446744073709676441,1650496268,307551125681
1650454631,10179000,arbitrum,0x639Fe6ab55C921f74e7fac1ee960C0B6293ba612,312716000000,18446744073709676160,1650454424,312716000000
1650530601,10246000,arbitrum,0x639Fe6ab55C921f74e7fac1ee960C0B6293ba612,309928550000,18446744073709676603,1650530553,309928550000
1650481239,10207000,arbitrum,0x639Fe6ab55C921f74e7fac1ee960C0B6293ba612,304851000000,18446744073709676359,1650481169,304851000000
1650459798,10185000,arbitrum,0x639Fe6ab55C921f74e7fac1ee960C0B6293ba612,315300000000,18446744073709676201,1650459764,315300000000
1650506617,10226000,arbitrum,0x639Fe6ab55C921f74e7fac1ee960C0B6293ba612,309950293888,18446744073709676490,1650506559,309950293888
1650534035,10249000,arbitrum,0x639Fe6ab55C921f74e7fac1ee960C0B6293ba612,309967047934,18446744073709676617,1650533936,309967047934
1650498654,10219000,arbitrum,0x639Fe6ab55C921f74e7fac1ee960C0B6293ba612,307922170000,18446744073709676449,1650498401,307922170000
1650529462,10245000,arbitrum,0x639Fe6ab55C921f74e7fac1ee960C0B6293ba612,309876000000,18446744073709676600,1650529229,309876000000
1650487260,10211000,arbitrum,0x639Fe6ab55C921f74e7fac1ee960C0B6293ba612,307397480000,18446744073709676399,1650487118,307397480000
1650466159,10193000,arbitrum,0x639Fe6ab55C921f74e7fac1ee960C0B6293ba612,310384000000,18446744073709676247,1650466055,310384000000
1650474908,10202000,arbitrum,0x639Fe6ab55C921f74e7fac1ee960C0B6293ba612,308098000000,18446744073709676313,1650474766,308098000000
1650524643,10241000,arbitrum,0x639Fe6ab55C921f74e7fac1ee960C0B6293ba612,308026000000,18446744073709676572,1650524430,308026000000
1650520057,10237000,arbitrum,0x639Fe6ab55C921f74e7fac1ee960C0B6293ba612,308236580000,18446744073709676545,1650519896,308236580000
1650471407,10199000,arbitrum,0x639Fe6ab55C921f74e7fac1ee960C0B6293ba612,305932000000,18446744073709676291,1650471407,305932000000
1650480000,10206000,arbitrum,0x639Fe6ab55C921f74e7fac1ee960C0B6293ba612,305063970820,18446744073709676347,1650480000,305063970820
1650518892,10236000,arbitrum,0x639Fe6ab55C921f74e7fac1ee960C0B6293ba612,308975668363,18446744073709676540,1650518795,308975668363
1650510157,10229000,arbitrum,0x639Fe6ab55C921f74e7fac1ee960C0B6293ba612,309245259163,18446744073709676502,1650509977,309245259163
1650494525,10216000,arbitrum,0x639Fe6ab55C921f74e7fac1ee960C0B6293ba612,309310570000,18446744073709676433,1650494525,309310570000
1650507891,10227000,arbitrum,0x639Fe6ab55C921f74e7fac1ee960C0B6293ba612,309905821469,18446744073709676496,1650507682,309905821469
1650550019,10263000,arbitrum,0x639Fe6ab55C921f74e7fac1ee960C0B6293ba612,315081000000,18446744073709676734,1650549899,315081000000
1650551095,10264000,arbitrum,0x639Fe6ab55C921f74e7fac1ee960C0B6293ba612,315096000000,18446744073709676743,1650551040,315096000000
1650554291,10267000,arbitrum,0x639Fe6ab55C921f74e7fac1ee960C0B6293ba612,314982000000,18446744073709676759,1650553977,314982000000
1650556772,10269000,arbitrum,0x639Fe6ab55C921f74e7fac1ee960C0B6293ba612,311171055622,18446744073709676777,1650556641,311171055622
1650548914,10262000,arbitrum,0x639Fe6ab55C921f74e7fac1ee960C0B6293ba612,315878480000,18446744073709676725,1650548821,315878480000
1650547748,10261000,arbitrum,0x639Fe6ab55C921f74e7fac1ee960C0B6293ba612,316774000000,18446744073709676715,1650547549,316774000000
1650545417,10259000,arbitrum,0x639Fe6ab55C921f74e7fac1ee960C0B6293ba612,316892000000,18446744073709676700,1650545417,316892000000
1650546616,10260000,arbitrum,0x639Fe6ab55C921f74e7fac1ee960C0B6293ba612,315852900000,18446744073709676707,1650546547,315852900000
1650552268,10265000,arbitrum,0x639Fe6ab55C921f74e7fac1ee960C0B6293ba612,314695840583,18446744073709676748,1650552084,314695840583
1650544265,10258000,arbitrum,0x639Fe6ab55C921f74e7fac1ee960C0B6293ba612,315180388531,18446744073709676686,1650544265,315180388531
1650558853,10271000,arbitrum,0x639Fe6ab55C921f74e7fac1ee960C0B6293ba612,309413000000,18446744073709676793,1650558853,309413000000
1650553257,10266000,arbitrum,0x639Fe6ab55C921f74e7fac1ee960C0B6293ba612,314887470000,18446744073709676754,1650553189,314887470000
1650557784,10270000,arbitrum,0x639Fe6ab55C921f74e7fac1ee960C0B6293ba612,310140875090,18446744073709676786,1650557701,310140875090
1650555560,10268000,arbitrum,0x639Fe6ab55C921f74e7fac1ee960C0B6293ba612,313794270000,18446744073709676766,1650555485,313794270000
1650561113,10273000,arbitrum,0x639Fe6ab55C921f74e7fac1ee960C0B6293ba612,307865000000,18446744073709676812,1650561013,307865000000
1650560017,10272000,arbitrum,0x639Fe6ab55C921f74e7fac1ee960C0B6293ba612,308978303591,18446744073709676802,1650560017,308978303591
1650573660,10283000,arbitrum,0x639Fe6ab55C921f74e7fac1ee960C0B6293ba612,300481453468,18446744073709676908,1650573660,300481453468
1650566467,10277000,arbitrum,0x639Fe6ab55C921f74e7fac1ee960C0B6293ba612,307003119014,18446744073709676849,1650566344,307003119014
1650570436,10280000,arbitrum,0x639Fe6ab55C921f74e7fac1ee960C0B6293ba612,304919513133,18446744073709676875,1650570380,304919513133
1650577231,10286000,arbitrum,0x639Fe6ab55C921f74e7fac1ee960C0B6293ba612,301554000000,18446744073709676932,1650577231,301554000000
1650576016,10285000,arbitrum,0x639Fe6ab55C921f74e7fac1ee960C0B6293ba612,300318597338,18446744073709676926,1650575860,300318597338
1650572753,10282000,arbitrum,0x639Fe6ab55C921f74e7fac1ee960C0B6293ba612,302562000000,18446744073709676896,1650572159,302562000000
1650569050,10279000,arbitrum,0x639Fe6ab55C921f74e7fac1ee960C0B6293ba612,305479992141,18446744073709676864,1650568957,305479992141
1650562426,10274000,arbitrum,0x639Fe6ab55C921f74e7fac1ee960C0B6293ba612,308449752908,18446744073709676823,1650562426,308449752908
1650564938,10276000,arbitrum,0x639Fe6ab55C921f74e7fac1ee960C0B6293ba612,306414717528,18446744073709676839,1650564787,306414717528
1650563642,10275000,arbitrum,0x639Fe6ab55C921f74e7fac1ee960C0B6293ba612,307160873194,18446744073709676831,1650563256,307160873194
1650571525,10281000,arbitrum,0x639Fe6ab55C921f74e7fac1ee960C0B6293ba612,303141000000,18446744073709676888,1650571479,303141000000
1650580106,10288000,arbitrum,0x639Fe6ab55C921f74e7fac1ee960C0B6293ba612,300286397602,18446744073709676952,1650580106,300286397602
1650578443,10287000,arbitrum,0x639Fe6ab55C921f74e7fac1ee960C0B6293ba612,300226200271,18446744073709676944,1650578417,300226200271
1650574899,10284000,arbitrum,0x639Fe6ab55C921f74e7fac1ee960C0B6293ba612,300506463849,18446744073709676919,1650574899,300506463849
1650567823,10278000,arbitrum,0x639Fe6ab55C921f74e7fac1ee960C0B6293ba612,305527514579,18446744073709676857,1650567823,305527514579
1650580869,10289000,arbitrum,0x639Fe6ab55C921f74e7fac1ee960C0B6293ba612,296741000000,18446744073709676963,1650580798,296741000000
1650586260,10293000,arbitrum,0x639Fe6ab55C921f74e7fac1ee960C0B6293ba612,298685000000,18446744073709677001,1650586192,298685000000
1650583528,10291000,arbitrum,0x639Fe6ab55C921f74e7fac1ee960C0B6293ba612,297553985897,18446744073709676982,1650583238,297553985897
1650602036,10304000,arbitrum,0x639Fe6ab55C921f74e7fac1ee960C0B6293ba612,300620000000,18446744073709677098,1650601923,300620000000
1650597970,10301000,arbitrum,0x639Fe6ab55C921f74e7fac1ee960C0B6293ba612,300734000000,18446744073709677072,1650597269,300734000000
1650599193,10302000,arbitrum,0x639Fe6ab55C921f74e7fac1ee960C0B6293ba612,300011000000,18446744073709677081,1650599193,300011000000
1650584962,10292000,arbitrum,0x639Fe6ab55C921f74e7fac1ee960C0B6293ba612,298531000000,18446744073709676991,1650584938,298531000000
1650590915,10296000,arbitrum,0x639Fe6ab55C921f74e7fac1ee960C0B6293ba612,299291250000,18446744073709677038,1650590849,299291250000
1650593692,10298000,arbitrum,0x639Fe6ab55C921f74e7fac1ee960C0B6293ba612,300061000000,18446744073709677056,1650593501,300061000000
1650595177,10299000,arbitrum,0x639Fe6ab55C921f74e7fac1ee960C0B6293ba612,300607000000,18446744073709677059,1650594993,300607000000
1650582031,10290000,arbitrum,0x639Fe6ab55C921f74e7fac1ee960C0B6293ba612,298383000000,18446744073709676976,1650582000,298383000000
1650596486,10300000,arbitrum,0x639Fe6ab55C921f74e7fac1ee960C0B6293ba612,299900304552,18446744073709677066,1650596384,299900304552
1650603590,10305000,arbitrum,0x639Fe6ab55C921f74e7fac1ee960C0B6293ba612,301539000000,18446744073709677107,1650603445,301539000000
1650600596,10303000,arbitrum,0x639Fe6ab55C921f74e7fac1ee960C0B6293ba612,300310000000,18446744073709677091,1650600381,300310000000
1650592304,10297000,arbitrum,0x639Fe6ab55C921f74e7fac1ee960C0B6293ba612,299855230000,18446744073709677050,1650592304,299855230000
1650589135,10295000,arbitrum,0x639Fe6ab55C921f74e7fac1ee960C0B6293ba612,298678030657,18446744073709677020,1650589019,298678030657
1650587642,10294000,arbitrum,0x639Fe6ab55C921f74e7fac1ee960C0B6293ba612,299630040308,18446744073709677010,1650587642,299630040308
1650606255,10307000,arbitrum,0x639Fe6ab55C921f74e7fac1ee960C0B6293ba612,301424128686,18446744073709677115,1650606018,301424128686
1650620477,10319000,arbitrum,0x639Fe6ab55C921f74e7fac1ee960C0B6293ba612,299353524572,18446744073709677195,1650620359,299353524572
1650607494,10308000,arbitrum,0x639Fe6ab55C921f74e7fac1ee960C0B6293ba612,301483604912,18446744073709677120,1650607302,301483604912
1650622678,10321000,arbitrum,0x639Fe6ab55C921f74e7fac1ee960C0B6293ba612,299668000000,18446744073709677211,1650622678,299668000000
1650612088,10312000,arbitrum,0x639Fe6ab55C921f74e7fac1ee960C0B6293ba612,300069265134,18446744073709677136,1650612081,300069265134
1650608511,10309000,arbitrum,0x639Fe6ab55C921f74e7fac1ee960C0B6293ba612,302085761398,18446744073709677123,1650608246,302085761398
1650617839,10317000,arbitrum,0x639Fe6ab55C921f74e7fac1ee960C0B6293ba612,300191500000,18446744073709677181,1650617578,300191500000
1650621599,10320000,arbitrum,0x639Fe6ab55C921f74e7fac1ee960C0B6293ba612,298699000000,18446744073709677202,1650621599,298699000000
1650611080,10311000,arbitrum,0x639Fe6ab55C921f74e7fac1ee960C0B6293ba612,301197000000,18446744073709677130,1650610808,301197000000
1650614514,10314000,arbitrum,0x639Fe6ab55C921f74e7fac1ee960C0B6293ba612,302018320000,18446744073709677157,1650614375,302018320000
1650615748,10315000,arbitrum,0x639Fe6ab55C921f74e7fac1ee960C0B6293ba612,301007326332,18446744073709677167,1650615529,301007326332
1650613290,10313000,arbitrum,0x639Fe6ab55C921f74e7fac1ee960C0B6293ba612,300553000000,18446744073709677148,1650613200,300553000000
1650609765,10310000,arbitrum,0x639Fe6ab55C921f74e7fac1ee960C0B6293ba612,301104405639,18446744073709677128,1650609765,301104405639
1650619116,10318000,arbitrum,0x639Fe6ab55C921f74e7fac1ee960C0B6293ba612,300320000000,18446744073709677190,1650619048,300320000000
1650616621,10316000,arbitrum,0x639Fe6ab55C921f74e7fac1ee960C0B6293ba612,301266000000,18446744073709677172,1650616547,301266000000
1650605038,10306000,arbitrum,0x639Fe6ab55C921f74e7fac1ee960C0B6293ba612,301634201445,18446744073709677114,1650604880,301634201445
1650635801,10332000,arbitrum,0x639Fe6ab55C921f74e7fac1ee960C0B6293ba612,299505666888,18446744073709677306,1650635708,299505666888
1650626397,10324000,arbitrum,0x639Fe6ab55C921f74e7fac1ee960C0B6293ba612,301267000000,18446744073709677234,1650626146,301267000000
1650640305,10336000,arbitrum,0x639Fe6ab55C921f74e7fac1ee960C0B6293ba612,298352000000,18446744073709677355,1650640305,298352000000
1650623972,10322000,arbitrum,0x639Fe6ab55C921f74e7fac1ee960C0B6293ba612,300134460851,18446744073709677217,1650623831,300134460851
1650631548,10328000,arbitrum,0x639Fe6ab55C921f74e7fac1ee960C0B6293ba612,300558000000,18446744073709677261,1650631347,300558000000
1650637017,10333000,arbitrum,0x639Fe6ab55C921f74e7fac1ee960C0B6293ba612,298905514041,18446744073709677319,1650637017,298905514041
1650629067,10326000,arbitrum,0x639Fe6ab55C921f74e7fac1ee960C0B6293ba612,301419000000,18446744073709677246,1650628793,301419000000
1650639209,10335000,arbitrum,0x639Fe6ab55C921f74e7fac1ee960C0B6293ba612,297609000000,18446744073709677345,1650639209,297609000000
1650633701,10330000,arbitrum,0x639Fe6ab55C921f74e7fac1ee960C0B6293ba612,299696000000,18446744073709677277,1650633579,299696000000
1650634768,10331000,arbitrum,0x639Fe6ab55C921f74e7fac1ee960C0B6293ba612,300046810000,18446744073709677291,1650634664,300046810000
1650641449,10337000,arbitrum,0x639Fe6ab55C921f74e7fac1ee960C0B6293ba612,297322400000,18446744073709677362,1650641404,297322400000
1650625226,10323000,arbitrum,0x639Fe6ab55C921f74e7fac1ee960C0B6293ba612,300518000000,18446744073709677225,1650625150,300518000000
1650632641,10329000,arbitrum,0x639Fe6ab55C921f74e7fac1ee960C0B6293ba612,300267513893,18446744073709677268,1650632455,300267513893
1650630306,10327000,arbitrum,0x639Fe6ab55C921f74e7fac1ee960C0B6293ba612,300844000000,18446744073709677255,1650630243,300844000000
1650627726,10325000,arbitrum,0x639Fe6ab55C921f74e7fac1ee960C0B6293ba612,300965000000,18446744073709677242,1650627297,300965000000
1650637980,10334000,arbitrum,0x639Fe6ab55C921f74e7fac1ee960C0B6293ba612,296718000000,18446744073709677332,1650637865,296718000000
1650651486,10345000,arbitrum,0x639Fe6ab55C921f74e7fac1ee960C0B6293ba612,297054726267,18446744073709677456,1650651486,297054726267
1650659788,10351000,arbitrum,0x639Fe6ab55C921f74e7fac1ee960C0B6293ba612,296046080000,18446744073709677516,1650659429,296046080000
1650648757,10343000,arbitrum,0x639Fe6ab55C921f74e7fac1ee960C0B6293ba612,295922000000,18446744073709677426,1650648757,295922000000
1650646233,10341000,arbitrum,0x639Fe6ab55C921f74e7fac1ee960C0B6293ba612,295871622522,18446744073709677403,1650646069,295871622522
1650643701,10339000,arbitrum,0x639Fe6ab55C921f74e7fac1ee960C0B6293ba612,294232000000,18446744073709677380,1650643557,294232000000
1650661883,10353000,arbitrum,0x639Fe6ab55C921f74e7fac1ee960C0B6293ba612,296899873936,18446744073709677526,1650661803,296899873936
1650642690,10338000,arbitrum,0x639Fe6ab55C921f74e7fac1ee960C0B6293ba612,295485000000,18446744073709677370,1650642552,295485000000
1650661065,10352000,arbitrum,0x639Fe6ab55C921f74e7fac1ee960C0B6293ba612,296996780000,18446744073709677520,1650660827,296996780000
1650644728,10340000,arbitrum,0x639Fe6ab55C921f74e7fac1ee960C0B6293ba612,296306000000,18446744073709677393,1650644687,296306000000
1650658205,10350000,arbitrum,0x639Fe6ab55C921f74e7fac1ee960C0B6293ba612,295779000000,18446744073709677508,1650658095,295779000000
1650650387,10344000,arbitrum,0x639Fe6ab55C921f74e7fac1ee960C0B6293ba612,295256150000,18446744073709677438,1650650283,295256150000
1650647427,10342000,arbitrum,0x639Fe6ab55C921f74e7fac1ee960C0B6293ba612,295293000000,18446744073709677414,1650647335,295293000000
1650654405,10347000,arbitrum,0x639Fe6ab55C921f74e7fac1ee960C0B6293ba612,296687805933,18446744073709677474,1650654130,296687805933
1650655663,10348000,arbitrum,0x639Fe6ab55C921f74e7fac1ee960C0B6293ba612,297237705828,18446744073709677485,1650655605,297237705828
1650656994,10349000,arbitrum,0x639Fe6ab55C921f74e7fac1ee960C0B6293ba612,296530000000,18446744073709677498,1650656908,296530000000
1650652896,10346000,arbitrum,0x639Fe6ab55C921f74e7fac1ee960C0B6293ba612,296008776066,18446744073709677468,1650652817,296008776066
1650670020,10363000,arbitrum,0x639Fe6ab55C921f74e7fac1ee960C0B6293ba612,296325000000,18446744073709677586,1650670020,296325000000
1650671225,10364000,arbitrum,0x639Fe6ab55C921f74e7fac1ee960C0B6293ba612,296598000000,18446744073709677593,1650671157,296598000000
1650667687,10359000,arbitrum,0x639Fe6ab55C921f74e7fac1ee960C0B6293ba612,295619000000,18446744073709677569,1650667507,295619000000
1650663875,10355000,arbitrum,0x639Fe6ab55C921f74e7fac1ee960C0B6293ba612,296649000000,18446744073709677535,1650663800,296649000000
1650677599,10369000,arbitrum,0x639Fe6ab55C921f74e7fac1ee960C0B6293ba612,296491000000,18446744073709677628,1650677526,296491000000
1650669592,10362000,arbitrum,0x639Fe6ab55C921f74e7fac1ee960C0B6293ba612,296328180000,18446744073709677584,1650669466,296328180000
1650672340,10365000,arbitrum,0x639Fe6ab55C921f74e7fac1ee960C0B6293ba612,296520000000,18446744073709677604,1650672340,296520000000
1650662860,10354000,arbitrum,0x639Fe6ab55C921f74e7fac1ee960C0B6293ba612,296516000000,18446744073709677531,1650662860,296516000000
1650666644,10358000,arbitrum,0x639Fe6ab55C921f74e7fac1ee960C0B6293ba612,295301841955,18446744073709677560,1650666559,295301841955
1650676165,10368000,arbitrum,0x639Fe6ab55C921f74e7fac1ee960C0B6293ba612,295878550000,18446744073709677621,1650675641,295878550000
1650665733,10357000,arbitrum,0x639Fe6ab55C921f74e7fac1ee960C0B6293ba612,296071000000,18446744073709677554,1650665636,296071000000
1650674834,10367000,arbitrum,0x639Fe6ab55C921f74e7fac1ee960C0B6293ba612,295842000000,18446744073709677617,1650674707,295842000000
1650664915,10356000,arbitrum,0x639Fe6ab55C921f74e7fac1ee960C0B6293ba612,296304000000,18446744073709677541,1650664915,296304000000
1650673584,10366000,arbitrum,0x639Fe6ab55C921f74e7fac1ee960C0B6293ba612,296331548968,18446744073709677612,1650673537,296331548968
1650668497,10360000,arbitrum,0x639Fe6ab55C921f74e7fac1ee960C0B6293ba612,296173000000,18446744073709677574,1650668449,296173000000
1650669085,10361000,arbitrum,0x639Fe6ab55C921f74e7fac1ee960C0B6293ba612,295785516274,18446744073709677579,1650669021,295785516274
1650681483,10372000,arbitrum,0x639Fe6ab55C921f74e7fac1ee960C0B6293ba612,296249000000,18446744073709677646,1650681163,296249000000
1650679952,10371000,arbitrum,0x639Fe6ab55C921f74e7fac1ee960C0B6293ba612,295744549916,18446744073709677643,1650679881,295744549916
1650687809,10377000,arbitrum,0x639Fe6ab55C921f74e7fac1ee960C0B6293ba612,293363768063,18446744073709677680,1650687809,293363768063
1650682768,10373000,arbitrum,0x639Fe6ab55C921f74e7fac1ee960C0B6293ba612,295814000000,18446744073709677650,1650682569,295814000000
1650693387,10381000,arbitrum,0x639Fe6ab55C921f74e7fac1ee960C0B6293ba612,295501000000,18446744073709677712,1650693297,295501000000
1650683992,10374000,arbitrum,0x639Fe6ab55C921f74e7fac1ee960C0B6293ba612,295530828823,18446744073709677653,1650683384,295530828823
1650690360,10379000,arbitrum,0x639Fe6ab55C921f74e7fac1ee960C0B6293ba612,295223000000,18446744073709677700,1650690297,295223000000
1650685299,10375000,arbitrum,0x639Fe6ab55C921f74e7fac1ee960C0B6293ba612,294851902189,18446744073709677660,1650685190,294851902189
1650689164,10378000,arbitrum,0x639Fe6ab55C921f74e7fac1ee960C0B6293ba612,293434230000,18446744073709677692,1650689067,293434230000
1650678807,10370000,arbitrum,0x639Fe6ab55C921f74e7fac1ee960C0B6293ba612,296242000000,18446744073709677636,1650678640,296242000000
1650691905,10380000,arbitrum,0x639Fe6ab55C921f74e7fac1ee960C0B6293ba612,295345102609,18446744073709677705,1650691425,295345102609
1650696230,10383000,arbitrum,0x639Fe6ab55C921f74e7fac1ee960C0B6293ba612,295509000000,18446744073709677724,1650696158,295509000000
1650694781,10382000,arbitrum,0x639Fe6ab55C921f74e7fac1ee960C0B6293ba612,296188120000,18446744073709677720,1650694701,296188120000
1650686545,10376000,arbitrum,0x639Fe6ab55C921f74e7fac1ee960C0B6293ba612,294649000000,18446744073709677667,1650686516,294649000000
1650698920,10385000,arbitrum,0x639Fe6ab55C921f74e7fac1ee960C0B6293ba612,295864612197,18446744073709677734,1650698920,295864612197
1650697648,10384000,arbitrum,0x639Fe6ab55C921f74e7fac1ee960C0B6293ba612,295793000000,18446744073709677727,1650697502,295793000000
1650713284,10396000,arbitrum,0x639Fe6ab55C921f74e7fac1ee960C0B6293ba612,296237045007,18446744073709677783,1650713114,296237045007
1650712122,10395000,arbitrum,0x639Fe6ab55C921f74e7fac1ee960C0B6293ba612,296018586402,18446744073709677778,1650711715,296018586402
1650710599,10394000,arbitrum,0x639Fe6ab55C921f74e7fac1ee960C0B6293ba612,295568838864,18446744073709677774,1650710599,295568838864
1650715863,10398000,arbitrum,0x639Fe6ab55C921f74e7fac1ee960C0B6293ba612,295495096667,18446744073709677796,1650715710,295495096667
1650701748,10387000,arbitrum,0x639Fe6ab55C921f74e7fac1ee960C0B6293ba612,295731459284,18446744073709677744,1650701275,295731459284
1650717063,10399000,arbitrum,0x639Fe6ab55C921f74e7fac1ee960C0B6293ba612,296781000000,18446744073709677805,1650717015,296781000000
1650704185,10389000,arbitrum,0x639Fe6ab55C921f74e7fac1ee960C0B6293ba612,296340000000,18446744073709677754,1650704149,296340000000
1650700414,10386000,arbitrum,0x639Fe6ab55C921f74e7fac1ee960C0B6293ba612,295502000000,18446744073709677738,1650700373,295502000000
1650707816,10392000,arbitrum,0x639Fe6ab55C921f74e7fac1ee960C0B6293ba612,295679236222,18446744073709677767,1650707692,295679236222
1650709243,10393000,arbitrum,0x639Fe6ab55C921f74e7fac1ee960C0B6293ba612,295786000000,18446744073709677769,1650708020,295786000000
1650702969,10388000,arbitrum,0x639Fe6ab55C921f74e7fac1ee960C0B6293ba612,296684130000,18446744073709677749,1650702969,296684130000
1650718394,10400000,arbitrum,0x639Fe6ab55C921f74e7fac1ee960C0B6293ba612,296447000000,18446744073709677813,1650718089,296447000000
1650719705,10401000,arbitrum,0x639Fe6ab55C921f74e7fac1ee960C0B6293ba612,296885720000,18446744073709677816,1650719322,296885720000
1650714648,10397000,arbitrum,0x639Fe6ab55C921f74e7fac1ee960C0B6293ba612,296218730000,18446744073709677785,1650714322,296218730000
1650706527,10391000,arbitrum,0x639Fe6ab55C921f74e7fac1ee960C0B6293ba612,296205884034,18446744073709677761,1650705616,296205884034
1650705243,10390000,arbitrum,0x639Fe6ab55C921f74e7fac1ee960C0B6293ba612,295995000000,18446744073709677758,1650705040,295995000000
1650734894,10413000,arbitrum,0x639Fe6ab55C921f74e7fac1ee960C0B6293ba612,295805000000,18446744073709677877,1650734894,295805000000
1650737882,10415000,arbitrum,0x639Fe6ab55C921f74e7fac1ee960C0B6293ba612,296092000000,18446744073709677883,1650736783,296092000000
1650736207,10414000,arbitrum,0x639Fe6ab55C921f74e7fac1ee960C0B6293ba612,295997373384,18446744073709677882,1650735854,295997373384
1650723463,10404000,arbitrum,0x639Fe6ab55C921f74e7fac1ee960C0B6293ba612,296505566655,18446744073709677831,1650723427,296505566655
1650726096,10406000,arbitrum,0x639Fe6ab55C921f74e7fac1ee960C0B6293ba612,296314000000,18446744073709677839,1650725964,296314000000
1650724711,10405000,arbitrum,0x639Fe6ab55C921f74e7fac1ee960C0B6293ba612,295944000000,18446744073709677836,1650724598,295944000000
1650733643,10412000,arbitrum,0x639Fe6ab55C921f74e7fac1ee960C0B6293ba612,296178000000,18446744073709677873,1650733565,296178000000
1650728421,10408000,arbitrum,0x639Fe6ab55C921f74e7fac1ee960C0B6293ba612,296279000000,18446744073709677845,1650728243,296279000000
1650727369,10407000,arbitrum,0x639Fe6ab55C921f74e7fac1ee960C0B6293ba612,296454470000,18446744073709677842,1650727283,296454470000
1650720915,10402000,arbitrum,0x639Fe6ab55C921f74e7fac1ee960C0B6293ba612,296675456661,18446744073709677821,1650720553,296675456661
1650739263,10416000,arbitrum,0x639Fe6ab55C921f74e7fac1ee960C0B6293ba612,295091644470,18446744073709677889,1650739053,295091644470
1650722214,10403000,arbitrum,0x639Fe6ab55C921f74e7fac1ee960C0B6293ba612,296213770000,18446744073709677827,1650722150,296213770000
1650729758,10409000,arbitrum,0x639Fe6ab55C921f74e7fac1ee960C0B6293ba612,296727591629,18446744073709677849,1650729556,296727591629
1650740865,10417000,arbitrum,0x639Fe6ab55C921f74e7fac1ee960C0B6293ba612,294992000000,18446744073709677892,1650740373,294992000000
1650732381,10411000,arbitrum,0x639Fe6ab55C921f74e7fac1ee960C0B6293ba612,296868035836,18446744073709677865,1650731315,296868035836
1650731124,10410000,arbitrum,0x639Fe6ab55C921f74e7fac1ee960C0B6293ba612,296884000000,18446744073709677863,1650731054,296884000000
1650752945,10424000,arbitrum,0x639Fe6ab55C921f74e7fac1ee960C0B6293ba612,296558587858,18446744073709677916,1650752402,296558587858
1650765670,10431000,arbitrum,0x639Fe6ab55C921f74e7fac1ee960C0B6293ba612,292968000000,18446744073709677966,1650765526,292968000000
1650768758,10433000,arbitrum,0x639Fe6ab55C921f74e7fac1ee960C0B6293ba612,293684000000,18446744073709677977,1650768700,293684000000
1650760495,10428000,arbitrum,0x639Fe6ab55C921f74e7fac1ee960C0B6293ba612,294376000000,18446744073709677949,1650760155,294376000000
1650744016,10419000,arbitrum,0x639Fe6ab55C921f74e7fac1ee960C0B6293ba612,295480149978,18446744073709677900,1650744005,295480149978
1650746826,10421000,arbitrum,0x639Fe6ab55C921f74e7fac1ee960C0B6293ba612,296428000000,18446744073709677905,1650746171,296428000000
1650755074,10425000,arbitrum,0x639Fe6ab55C921f74e7fac1ee960C0B6293ba612,295489000000,18446744073709677925,1650754942,295489000000
1650763990,10430000,arbitrum,0x639Fe6ab55C921f74e7fac1ee960C0B6293ba612,293927000000,18446744073709677961,1650763357,293927000000
1650758705,10427000,arbitrum,0x639Fe6ab55C921f74e7fac1ee960C0B6293ba612,293803920000,18446744073709677944,1650758509,293803920000
1650756971,10426000,arbitrum,0x639Fe6ab55C921f74e7fac1ee960C0B6293ba612,293557567314,18446744073709677932,1650756971,293557567314
1650750908,10423000,arbitrum,0x639Fe6ab55C921f74e7fac1ee960C0B6293ba612,296818162704,18446744073709677909,1650750844,296818162704
1650745455,10420000,arbitrum,0x639Fe6ab55C921f74e7fac1ee960C0B6293ba612,295952000000,18446744073709677903,1650744799,295952000000
1650748593,10422000,arbitrum,0x639Fe6ab55C921f74e7fac1ee960C0B6293ba612,296367674187,18446744073709677907,1650747583,296367674187
1650762350,10429000,arbitrum,0x639Fe6ab55C921f74e7fac1ee960C0B6293ba612,293852716532,18446744073709677957,1650762283,293852716532
1650767155,10432000,arbitrum,0x639Fe6ab55C921f74e7fac1ee960C0B6293ba612,293668711485,18446744073709677975,1650766808,293668711485
1650742399,10418000,arbitrum,0x639Fe6ab55C921f74e7fac1ee960C0B6293ba612,295001000000,18446744073709677894,1650742203,295001000000
1650779084,10440000,arbitrum,0x639Fe6ab55C921f74e7fac1ee960C0B6293ba612,294825000000,18446744073709678007,1650778197,294825000000
1650775632,10438000,arbitrum,0x639Fe6ab55C921f74e7fac1ee960C0B6293ba612,295341260738,18446744073709678001,1650775012,295341260738
1650788237,10447000,arbitrum,0x639Fe6ab55C921f74e7fac1ee960C0B6293ba612,295293040000,18446744073709678030,1650787777,295293040000
1650774046,10437000,arbitrum,0x639Fe6ab55C921f74e7fac1ee960C0B6293ba612,295839000000,18446744073709677998,1650773489,295839000000
1650783129,10443000,arbitrum,0x639Fe6ab55C921f74e7fac1ee960C0B6293ba612,295335466205,18446744073709678015,1650783032,295335466205
1650772611,10436000,arbitrum,0x639Fe6ab55C921f74e7fac1ee960C0B6293ba612,295712000000,18446744073709677994,1650772372,295712000000
1650789491,10448000,arbitrum,0x639Fe6ab55C921f74e7fac1ee960C0B6293ba612,294969000000,18446744073709678032,1650789277,294969000000
1650785736,10445000,arbitrum,0x639Fe6ab55C921f74e7fac1ee960C0B6293ba612,295313362031,18446744073709678023,1650785382,295313362031
1650777502,10439000,arbitrum,0x639Fe6ab55C921f74e7fac1ee960C0B6293ba612,294976000000,18446744073709678006,1650777094,294976000000
1650771332,10435000,arbitrum,0x639Fe6ab55C921f74e7fac1ee960C0B6293ba612,295896000000,18446744073709677991,1650771290,295896000000
1650780458,10441000,arbitrum,0x639Fe6ab55C921f74e7fac1ee960C0B6293ba612,294912000000,18446744073709678009,1650780092,294912000000
1650770025,10434000,arbitrum,0x639Fe6ab55C921f74e7fac1ee960C0B6293ba612,294377719104,18446744073709677984,1650769638,294377719104
1650787181,10446000,arbitrum,0x639Fe6ab55C921f74e7fac1ee960C0B6293ba612,294872844123,18446744073709678028,1650786748,294872844123
1650784409,10444000,arbitrum,0x639Fe6ab55C921f74e7fac1ee960C0B6293ba612,295660930000,18446744073709678020,1650784348,295660930000
1650790825,10449000,arbitrum,0x639Fe6ab55C921f74e7fac1ee960C0B6293ba612,294708000000,18446744073709678034,1650790776,294708000000
1650781864,10442000,arbitrum,0x639Fe6ab55C921f74e7fac1ee960C0B6293ba612,295791259389,18446744073709678013,1650781776,295791259389
1650793546,10451000,arbitrum,0x639Fe6ab55C921f74e7fac1ee960C0B6293ba612,295083396155,18446744073709678043,1650793546,295083396155
1650808173,10462000,arbitrum,0x639Fe6ab55C921f74e7fac1ee960C0B6293ba612,293832457331,18446744073709678102,1650808018,293832457331
1650792229,10450000,arbitrum,0x639Fe6ab55C921f74e7fac1ee960C0B6293ba612,295293000000,18446744073709678040,1650791664,295293000000
1650818677,10470000,arbitrum,0x639Fe6ab55C921f74e7fac1ee960C0B6293ba612,293345315808,18446744073709678167,1650818599,293345315808
1650862608,10497000,arbitrum,0x639Fe6ab55C921f74e7fac1ee960C0B6293ba612,286747782670,18446744073709678401,1650861844,286747782670
1650817215,10469000,arbitrum,0x639Fe6ab55C921f74e7fac1ee960C0B6293ba612,294754000000,18446744073709678160,1650817161,294754000000
1650815785,10468000,arbitrum,0x639Fe6ab55C921f74e7fac1ee960C0B6293ba612,294192250000,18446744073709678149,1650815587,294192250000
1650859968,10495000,arbitrum,0x639Fe6ab55C921f74e7fac1ee960C0B6293ba612,286931000000,18446744073709678395,1650859825,286931000000
1650844644,10484000,arbitrum,0x639Fe6ab55C921f74e7fac1ee960C0B6293ba612,292159367965,18446744073709678297,1650844289,292159367965
1650833887,10479000,arbitrum,0x639Fe6ab55C921f74e7fac1ee960C0B6293ba612,294228000000,18446744073709678244,1650833747,294228000000
1650797923,10454000,arbitrum,0x639Fe6ab55C921f74e7fac1ee960C0B6293ba612,294688000000,18446744073709678056,1650797736,294688000000
1650799294,10455000,arbitrum,0x639Fe6ab55C921f74e7fac1ee960C0B6293ba612,294465000000,18446744073709678060,1650799294,294465000000
1650831821,10478000,arbitrum,0x639Fe6ab55C921f74e7fac1ee960C0B6293ba612,294767000000,18446744073709678239,1650831821,294767000000
1650840499,10482000,arbitrum,0x639Fe6ab55C921f74e7fac1ee960C0B6293ba612,293048000000,18446744073709678278,1650840337,293048000000
1650858444,10494000,arbitrum,0x639Fe6ab55C921f74e7fac1ee960C0B6293ba612,287734000000,18446744073709678389,1650858059,287734000000
1650863734,10498000,arbitrum,0x639Fe6ab55C921f74e7fac1ee960C0B6293ba612,286441000000,18446744073709678407,1650863620,286441000000
1650821347,10472000,arbitrum,0x639Fe6ab55C921f74e7fac1ee960C0B6293ba612,292492914704,18446744073709678190,1650821301,292492914704
1650836197,10480000,arbitrum,0x639Fe6ab55C921f74e7fac1ee960C0B6293ba612,294328000000,18446744073709678254,1650836119,294328000000
1650814271,10467000,arbitrum,0x639Fe6ab55C921f74e7fac1ee960C0B6293ba612,294488471116,18446744073709678145,1650814037,294488471116
1650849660,10488000,arbitrum,0x639Fe6ab55C921f74e7fac1ee960C0B6293ba612,285599420000,18446744073709678342,1650849660,285599420000
1650824687,10474000,arbitrum,0x639Fe6ab55C921f74e7fac1ee960C0B6293ba612,294092376724,18446744073709678207,1650824687,294092376724
1650805884,10460000,arbitrum,0x639Fe6ab55C921f74e7fac1ee960C0B6293ba612,293241389123,18446744073709678087,1650805738,293241389123
1650802118,10457000,arbitrum,0x639Fe6ab55C921f74e7fac1ee960C0B6293ba612,294184000000,18446744073709678070,1650802093,294184000000
1650811820,10465000,arbitrum,0x639Fe6ab55C921f74e7fac1ee960C0B6293ba612,294478000000,18446744073709678125,1650811820,294478000000
1650810770,10464000,arbitrum,0x639Fe6ab55C921f74e7fac1ee960C0B6293ba612,292770554504,18446744073709678116,1650810770,292770554504
1650804792,10459000,arbitrum,0x639Fe6ab55C921f74e7fac1ee960C0B6293ba612,293652000000,18446744073709678079,1650804576,293652000000
1650807029,10461000,arbitrum,0x639Fe6ab55C921f74e7fac1ee960C0B6293ba612,293566000000,18446744073709678091,1650806810,293566000000
1650796433,10453000,arbitrum,0x639Fe6ab55C921f74e7fac1ee960C0B6293ba612,294864000000,18446744073709678051,1650796153,294864000000
1650857044,10493000,arbitrum,0x639Fe6ab55C921f74e7fac1ee960C0B6293ba612,287709000000,18446744073709678385,1650856885,287709000000
1650812941,10466000,arbitrum,0x639Fe6ab55C921f74e7fac1ee960C0B6293ba612,294971000000,18446744073709678135,1650812896,294971000000
1650803464,10458000,arbitrum,0x639Fe6ab55C921f74e7fac1ee960C0B6293ba612,293852990000,18446744073709678076,1650803364,293852990000
1650846971,10486000,arbitrum,0x639Fe6ab55C921f74e7fac1ee960C0B6293ba612,288003288875,18446744073709678320,1650846891,288003288875
1650861283,10496000,arbitrum,0x639Fe6ab55C921f74e7fac1ee960C0B6293ba612,286591431692,18446744073709678400,1650861201,286591431692
1650826743,10475000,arbitrum,0x639Fe6ab55C921f74e7fac1ee960C0B6293ba612,295076000000,18446744073709678217,1650826697,295076000000
1650850774,10489000,arbitrum,0x639Fe6ab55C921f74e7fac1ee960C0B6293ba612,286744742991,18446744073709678349,1650850774,286744742991
1650838293,10481000,arbitrum,0x639Fe6ab55C921f74e7fac1ee960C0B6293ba612,294840000000,18446744073709678265,1650838177,294840000000
1650846108,10485000,arbitrum,0x639Fe6ab55C921f74e7fac1ee960C0B6293ba612,290156187960,18446744073709678311,1650846108,290156187960
1650830041,10477000,arbitrum,0x639Fe6ab55C921f74e7fac1ee960C0B6293ba612,296062512271,18446744073709678230,1650829579,296062512271
1650800678,10456000,arbitrum,0x639Fe6ab55C921f74e7fac1ee960C0B6293ba612,294048370000,18446744073709678064,1650799870,294048370000
1650809465,10463000,arbitrum,0x639Fe6ab55C921f74e7fac1ee960C0B6293ba612,293995941086,18446744073709678108,1650809465,293995941086
1650842421,10483000,arbitrum,0x639Fe6ab55C921f74e7fac1ee960C0B6293ba612,292378172923,18446744073709678289,1650842301,292378172923
1650822941,10473000,arbitrum,0x639Fe6ab55C921f74e7fac1ee960C0B6293ba612,292511000000,18446744073709678197,1650822941,292511000000
1650819821,10471000,arbitrum,0x639Fe6ab55C921f74e7fac1ee960C0B6293ba612,293804855659,18446744073709678178,1650819821,293804855659
1650852836,10490000,arbitrum,0x639Fe6ab55C921f74e7fac1ee960C0B6293ba612,286545906521,18446744073709678360,1650852502,286545906521
1650855778,10492000,arbitrum,0x639Fe6ab55C921f74e7fac1ee960C0B6293ba612,286428000000,18446744073709678376,1650855708,286428000000
1650848180,10487000,arbitrum,0x639Fe6ab55C921f74e7fac1ee960C0B6293ba612,286045340000,18446744073709678329,1650848180,286045340000
1650794962,10452000,arbitrum,0x639Fe6ab55C921f74e7fac1ee960C0B6293ba612,295488000000,18446744073709678047,1650794787,295488000000
1650854365,10491000,arbitrum,0x639Fe6ab55C921f74e7fac1ee960C0B6293ba612,285830303076,18446744073709678367,1650854055,285830303076
1650828314,10476000,arbitrum,0x639Fe6ab55C921f74e7fac1ee960C0B6293ba612,296422873422,18446744073709678224,1650828187,296422873422
1650865091,10499000,arbitrum,0x639Fe6ab55C921f74e7fac1ee960C0B6293ba612,286199829914,18446744073709678415,1650865031,286199829914
